,label,zip_filename,filename_r,filename_g,filename_b
0,0,./data-zip/0.zip,IMG_5622-R.png,IMG_5622-G.png,IMG_5622-B.png
1,0,./data-zip/0.zip,IMG_5583-R.png,IMG_5583-G.png,IMG_5583-B.png
2,0,./data-zip/0.zip,IMG_5781-R.png,IMG_5781-G.png,IMG_5781-B.png
3,0,./data-zip/0.zip,IMG_5742-R.png,IMG_5742-G.png,IMG_5742-B.png
4,0,./data-zip/0.zip,IMG_5743-R.png,IMG_5743-G.png,IMG_5743-B.png
5,0,./data-zip/0.zip,IMG_5541-R.png,IMG_5541-G.png,IMG_5541-B.png
6,0,./data-zip/0.zip,IMG_5582-R.png,IMG_5582-G.png,IMG_5582-B.png
7,0,./data-zip/0.zip,IMG_5623-R.png,IMG_5623-G.png,IMG_5623-B.png
8,0,./data-zip/0.zip,IMG_5621-R.png,IMG_5621-G.png,IMG_5621-B.png
9,0,./data-zip/0.zip,IMG_5543-R.png,IMG_5543-G.png,IMG_5543-B.png
10,0,./data-zip/0.zip,IMG_5782-R.png,IMG_5782-G.png,IMG_5782-B.png
11,0,./data-zip/0.zip,IMG_5741-R.png,IMG_5741-G.png,IMG_5741-B.png
12,0,./data-zip/0.zip,IMG_5783-R.png,IMG_5783-G.png,IMG_5783-B.png
13,0,./data-zip/0.zip,IMG_5542-R.png,IMG_5542-G.png,IMG_5542-B.png
14,0,./data-zip/0.zip,IMG_5581-R.png,IMG_5581-G.png,IMG_5581-B.png
15,0,./data-zip/0.zip,IMG_5591-R.png,IMG_5591-G.png,IMG_5591-B.png
16,0,./data-zip/0.zip,IMG_5552-R.png,IMG_5552-G.png,IMG_5552-B.png
17,0,./data-zip/0.zip,IMG_5793-R.png,IMG_5793-G.png,IMG_5793-B.png
18,0,./data-zip/0.zip,IMG_5751-R.png,IMG_5751-G.png,IMG_5751-B.png
19,0,./data-zip/0.zip,IMG_5792-R.png,IMG_5792-G.png,IMG_5792-B.png
20,0,./data-zip/0.zip,IMG_5553-R.png,IMG_5553-G.png,IMG_5553-B.png
21,0,./data-zip/0.zip,IMG_5631-R.png,IMG_5631-G.png,IMG_5631-B.png
22,0,./data-zip/0.zip,IMG_5633-R.png,IMG_5633-G.png,IMG_5633-B.png
23,0,./data-zip/0.zip,IMG_5592-R.png,IMG_5592-G.png,IMG_5592-B.png
24,0,./data-zip/0.zip,IMG_5551-R.png,IMG_5551-G.png,IMG_5551-B.png
25,0,./data-zip/0.zip,IMG_5753-R.png,IMG_5753-G.png,IMG_5753-B.png
26,0,./data-zip/0.zip,IMG_5752-R.png,IMG_5752-G.png,IMG_5752-B.png
27,0,./data-zip/0.zip,IMG_5791-R.png,IMG_5791-G.png,IMG_5791-B.png
28,0,./data-zip/0.zip,IMG_5593-R.png,IMG_5593-G.png,IMG_5593-B.png
29,0,./data-zip/0.zip,IMG_5632-R.png,IMG_5632-G.png,IMG_5632-B.png
30,0,./data-zip/0.zip,IMG_5682-R.png,IMG_5682-G.png,IMG_5682-B.png
31,0,./data-zip/0.zip,IMG_5641-R.png,IMG_5641-G.png,IMG_5641-B.png
32,0,./data-zip/0.zip,IMG_5523-R.png,IMG_5523-G.png,IMG_5523-B.png
33,0,./data-zip/0.zip,IMG_5721-R.png,IMG_5721-G.png,IMG_5721-B.png
34,0,./data-zip/0.zip,IMG_5522-R.png,IMG_5522-G.png,IMG_5522-B.png
35,0,./data-zip/0.zip,IMG_5683-R.png,IMG_5683-G.png,IMG_5683-B.png
36,0,./data-zip/0.zip,IMG_5681-R.png,IMG_5681-G.png,IMG_5681-B.png
37,0,./data-zip/0.zip,IMG_5642-R.png,IMG_5642-G.png,IMG_5642-B.png
38,0,./data-zip/0.zip,IMG_5722-R.png,IMG_5722-G.png,IMG_5722-B.png
39,0,./data-zip/0.zip,IMG_5723-R.png,IMG_5723-G.png,IMG_5723-B.png
40,0,./data-zip/0.zip,IMG_5521-R.png,IMG_5521-G.png,IMG_5521-B.png
41,0,./data-zip/0.zip,IMG_5643-R.png,IMG_5643-G.png,IMG_5643-B.png
42,0,./data-zip/0.zip,IMG_5653-R.png,IMG_5653-G.png,IMG_5653-B.png
43,0,./data-zip/0.zip,IMG_5531-R.png,IMG_5531-G.png,IMG_5531-B.png
44,0,./data-zip/0.zip,IMG_5733-R.png,IMG_5733-G.png,IMG_5733-B.png
45,0,./data-zip/0.zip,IMG_5732-R.png,IMG_5732-G.png,IMG_5732-B.png
46,0,./data-zip/0.zip,IMG_5652-R.png,IMG_5652-G.png,IMG_5652-B.png
47,0,./data-zip/0.zip,IMG_5691-R.png,IMG_5691-G.png,IMG_5691-B.png
48,0,./data-zip/0.zip,IMG_5693-R.png,IMG_5693-G.png,IMG_5693-B.png
49,0,./data-zip/0.zip,IMG_5532-R.png,IMG_5532-G.png,IMG_5532-B.png
50,0,./data-zip/0.zip,IMG_5731-R.png,IMG_5731-G.png,IMG_5731-B.png
51,0,./data-zip/0.zip,IMG_5533-R.png,IMG_5533-G.png,IMG_5533-B.png
52,0,./data-zip/0.zip,IMG_5651-R.png,IMG_5651-G.png,IMG_5651-B.png
53,0,./data-zip/0.zip,IMG_5692-R.png,IMG_5692-G.png,IMG_5692-B.png
54,0,./data-zip/0.zip,IMG_5701-R.png,IMG_5701-G.png,IMG_5701-B.png
55,0,./data-zip/0.zip,IMG_5661-R.png,IMG_5661-G.png,IMG_5661-B.png
56,0,./data-zip/0.zip,IMG_5663-R.png,IMG_5663-G.png,IMG_5663-B.png
57,0,./data-zip/0.zip,IMG_5703-R.png,IMG_5703-G.png,IMG_5703-B.png
58,0,./data-zip/0.zip,IMG_5702-R.png,IMG_5702-G.png,IMG_5702-B.png
59,0,./data-zip/0.zip,IMG_5662-R.png,IMG_5662-G.png,IMG_5662-B.png
60,0,./data-zip/0.zip,IMG_5672-R.png,IMG_5672-G.png,IMG_5672-B.png
61,0,./data-zip/0.zip,IMG_5712-R.png,IMG_5712-G.png,IMG_5712-B.png
62,0,./data-zip/0.zip,IMG_5713-R.png,IMG_5713-G.png,IMG_5713-B.png
63,0,./data-zip/0.zip,IMG_5673-R.png,IMG_5673-G.png,IMG_5673-B.png
64,0,./data-zip/0.zip,IMG_5671-R.png,IMG_5671-G.png,IMG_5671-B.png
65,0,./data-zip/0.zip,IMG_5711-R.png,IMG_5711-G.png,IMG_5711-B.png
66,0,./data-zip/0.zip,IMG_5603-R.png,IMG_5603-G.png,IMG_5603-B.png
67,0,./data-zip/0.zip,IMG_5561-R.png,IMG_5561-G.png,IMG_5561-B.png
68,0,./data-zip/0.zip,IMG_5763-R.png,IMG_5763-G.png,IMG_5763-B.png
69,0,./data-zip/0.zip,IMG_5762-R.png,IMG_5762-G.png,IMG_5762-B.png
70,0,./data-zip/0.zip,IMG_5602-R.png,IMG_5602-G.png,IMG_5602-B.png
71,0,./data-zip/0.zip,IMG_5562-R.png,IMG_5562-G.png,IMG_5562-B.png
72,0,./data-zip/0.zip,IMG_5761-R.png,IMG_5761-G.png,IMG_5761-B.png
73,0,./data-zip/0.zip,IMG_5563-R.png,IMG_5563-G.png,IMG_5563-B.png
74,0,./data-zip/0.zip,IMG_5601-R.png,IMG_5601-G.png,IMG_5601-B.png
75,0,./data-zip/0.zip,IMG_5611-R.png,IMG_5611-G.png,IMG_5611-B.png
76,0,./data-zip/0.zip,IMG_5573-R.png,IMG_5573-G.png,IMG_5573-B.png
77,0,./data-zip/0.zip,IMG_5771-R.png,IMG_5771-G.png,IMG_5771-B.png
78,0,./data-zip/0.zip,IMG_5572-R.png,IMG_5572-G.png,IMG_5572-B.png
79,0,./data-zip/0.zip,IMG_5612-R.png,IMG_5612-G.png,IMG_5612-B.png
80,0,./data-zip/0.zip,IMG_5772-R.png,IMG_5772-G.png,IMG_5772-B.png
81,0,./data-zip/0.zip,IMG_5773-R.png,IMG_5773-G.png,IMG_5773-B.png
82,0,./data-zip/0.zip,IMG_5571-R.png,IMG_5571-G.png,IMG_5571-B.png
83,0,./data-zip/0.zip,IMG_5613-R.png,IMG_5613-G.png,IMG_5613-B.png
84,1,./data-zip/0.zip,IMG_5811-R.png,IMG_5811-G.png,IMG_5811-B.png
85,1,./data-zip/0.zip,IMG_6101-R.png,IMG_6101-G.png,IMG_6101-B.png
86,1,./data-zip/0.zip,IMG_6061-R.png,IMG_6061-G.png,IMG_6061-B.png
87,1,./data-zip/0.zip,IMG_5971-R.png,IMG_5971-G.png,IMG_5971-B.png
88,1,./data-zip/0.zip,IMG_5812-R.png,IMG_5812-G.png,IMG_5812-B.png
89,1,./data-zip/0.zip,IMG_6102-R.png,IMG_6102-G.png,IMG_6102-B.png
90,1,./data-zip/0.zip,IMG_6062-R.png,IMG_6062-G.png,IMG_6062-B.png
91,1,./data-zip/0.zip,IMG_5972-R.png,IMG_5972-G.png,IMG_5972-B.png
92,1,./data-zip/0.zip,IMG_5973-R.png,IMG_5973-G.png,IMG_5973-B.png
93,1,./data-zip/0.zip,IMG_6063-R.png,IMG_6063-G.png,IMG_6063-B.png
94,1,./data-zip/0.zip,IMG_6103-R.png,IMG_6103-G.png,IMG_6103-B.png
95,1,./data-zip/0.zip,IMG_5813-R.png,IMG_5813-G.png,IMG_5813-B.png
96,1,./data-zip/0.zip,IMG_5803-R.png,IMG_5803-G.png,IMG_5803-B.png
97,1,./data-zip/0.zip,IMG_6113-R.png,IMG_6113-G.png,IMG_6113-B.png
98,1,./data-zip/0.zip,IMG_6073-R.png,IMG_6073-G.png,IMG_6073-B.png
99,1,./data-zip/0.zip,IMG_5963-R.png,IMG_5963-G.png,IMG_5963-B.png
100,1,./data-zip/0.zip,IMG_5962-R.png,IMG_5962-G.png,IMG_5962-B.png
101,1,./data-zip/1.zip,IMG_6072-R.png,IMG_6072-G.png,IMG_6072-B.png
102,1,./data-zip/1.zip,IMG_6112-R.png,IMG_6112-G.png,IMG_6112-B.png
103,1,./data-zip/1.zip,IMG_5802-R.png,IMG_5802-G.png,IMG_5802-B.png
104,1,./data-zip/1.zip,IMG_5961-R.png,IMG_5961-G.png,IMG_5961-B.png
105,1,./data-zip/1.zip,IMG_6071-R.png,IMG_6071-G.png,IMG_6071-B.png
106,1,./data-zip/1.zip,IMG_6111-R.png,IMG_6111-G.png,IMG_6111-B.png
107,1,./data-zip/1.zip,IMG_5801-R.png,IMG_5801-G.png,IMG_5801-B.png
108,1,./data-zip/1.zip,IMG_5872-R.png,IMG_5872-G.png,IMG_5872-B.png
109,1,./data-zip/1.zip,IMG_6002-R.png,IMG_6002-G.png,IMG_6002-B.png
110,1,./data-zip/1.zip,IMG_5912-R.png,IMG_5912-G.png,IMG_5912-B.png
111,1,./data-zip/1.zip,IMG_5913-R.png,IMG_5913-G.png,IMG_5913-B.png
112,1,./data-zip/1.zip,IMG_6003-R.png,IMG_6003-G.png,IMG_6003-B.png
113,1,./data-zip/1.zip,IMG_5873-R.png,IMG_5873-G.png,IMG_5873-B.png
114,1,./data-zip/1.zip,IMG_5871-R.png,IMG_5871-G.png,IMG_5871-B.png
115,1,./data-zip/1.zip,IMG_6001-R.png,IMG_6001-G.png,IMG_6001-B.png
116,1,./data-zip/1.zip,IMG_5911-R.png,IMG_5911-G.png,IMG_5911-B.png
117,1,./data-zip/1.zip,IMG_5901-R.png,IMG_5901-G.png,IMG_5901-B.png
118,1,./data-zip/1.zip,IMG_6011-R.png,IMG_6011-G.png,IMG_6011-B.png
119,1,./data-zip/1.zip,IMG_5861-R.png,IMG_5861-G.png,IMG_5861-B.png
120,1,./data-zip/1.zip,IMG_5863-R.png,IMG_5863-G.png,IMG_5863-B.png
121,1,./data-zip/1.zip,IMG_6013-R.png,IMG_6013-G.png,IMG_6013-B.png
122,1,./data-zip/1.zip,IMG_5903-R.png,IMG_5903-G.png,IMG_5903-B.png
123,1,./data-zip/1.zip,IMG_5902-R.png,IMG_5902-G.png,IMG_5902-B.png
124,1,./data-zip/1.zip,IMG_6012-R.png,IMG_6012-G.png,IMG_6012-B.png
125,1,./data-zip/1.zip,IMG_5862-R.png,IMG_5862-G.png,IMG_5862-B.png
126,1,./data-zip/1.zip,IMG_5853-R.png,IMG_5853-G.png,IMG_5853-B.png
127,1,./data-zip/1.zip,IMG_6023-R.png,IMG_6023-G.png,IMG_6023-B.png
128,1,./data-zip/1.zip,IMG_5933-R.png,IMG_5933-G.png,IMG_5933-B.png
129,1,./data-zip/1.zip,IMG_5932-R.png,IMG_5932-G.png,IMG_5932-B.png
130,1,./data-zip/1.zip,IMG_6022-R.png,IMG_6022-G.png,IMG_6022-B.png
131,1,./data-zip/1.zip,IMG_5891-R.png,IMG_5891-G.png,IMG_5891-B.png
132,1,./data-zip/1.zip,IMG_5852-R.png,IMG_5852-G.png,IMG_5852-B.png
133,1,./data-zip/1.zip,IMG_5893-R.png,IMG_5893-G.png,IMG_5893-B.png
134,1,./data-zip/1.zip,IMG_5931-R.png,IMG_5931-G.png,IMG_5931-B.png
135,1,./data-zip/1.zip,IMG_6021-R.png,IMG_6021-G.png,IMG_6021-B.png
136,1,./data-zip/1.zip,IMG_5892-R.png,IMG_5892-G.png,IMG_5892-B.png
137,1,./data-zip/1.zip,IMG_5851-R.png,IMG_5851-G.png,IMG_5851-B.png
138,1,./data-zip/1.zip,IMG_5841-R.png,IMG_5841-G.png,IMG_5841-B.png
139,1,./data-zip/1.zip,IMG_5882-R.png,IMG_5882-G.png,IMG_5882-B.png
140,1,./data-zip/1.zip,IMG_6031-R.png,IMG_6031-G.png,IMG_6031-B.png
141,1,./data-zip/1.zip,IMG_5921-R.png,IMG_5921-G.png,IMG_5921-B.png
142,1,./data-zip/1.zip,IMG_5883-R.png,IMG_5883-G.png,IMG_5883-B.png
143,1,./data-zip/1.zip,IMG_5842-R.png,IMG_5842-G.png,IMG_5842-B.png
144,1,./data-zip/1.zip,IMG_5881-R.png,IMG_5881-G.png,IMG_5881-B.png
145,1,./data-zip/1.zip,IMG_6032-R.png,IMG_6032-G.png,IMG_6032-B.png
146,1,./data-zip/1.zip,IMG_5922-R.png,IMG_5922-G.png,IMG_5922-B.png
147,1,./data-zip/1.zip,IMG_5923-R.png,IMG_5923-G.png,IMG_5923-B.png
148,1,./data-zip/1.zip,IMG_6033-R.png,IMG_6033-G.png,IMG_6033-B.png
149,1,./data-zip/1.zip,IMG_5843-R.png,IMG_5843-G.png,IMG_5843-B.png
150,1,./data-zip/1.zip,IMG_6083-R.png,IMG_6083-G.png,IMG_6083-B.png
151,1,./data-zip/1.zip,IMG_5993-R.png,IMG_5993-G.png,IMG_5993-B.png
152,1,./data-zip/1.zip,IMG_5992-R.png,IMG_5992-G.png,IMG_5992-B.png
153,1,./data-zip/1.zip,IMG_5951-R.png,IMG_5951-G.png,IMG_5951-B.png
154,1,./data-zip/1.zip,IMG_6041-R.png,IMG_6041-G.png,IMG_6041-B.png
155,1,./data-zip/1.zip,IMG_6082-R.png,IMG_6082-G.png,IMG_6082-B.png
156,1,./data-zip/1.zip,IMG_5831-R.png,IMG_5831-G.png,IMG_5831-B.png
157,1,./data-zip/1.zip,IMG_5833-R.png,IMG_5833-G.png,IMG_5833-B.png
158,1,./data-zip/1.zip,IMG_6043-R.png,IMG_6043-G.png,IMG_6043-B.png
159,1,./data-zip/1.zip,IMG_5953-R.png,IMG_5953-G.png,IMG_5953-B.png
160,1,./data-zip/1.zip,IMG_5991-R.png,IMG_5991-G.png,IMG_5991-B.png
161,1,./data-zip/1.zip,IMG_5952-R.png,IMG_5952-G.png,IMG_5952-B.png
162,1,./data-zip/1.zip,IMG_6042-R.png,IMG_6042-G.png,IMG_6042-B.png
163,1,./data-zip/1.zip,IMG_6081-R.png,IMG_6081-G.png,IMG_6081-B.png
164,1,./data-zip/1.zip,IMG_5832-R.png,IMG_5832-G.png,IMG_5832-B.png
165,1,./data-zip/1.zip,IMG_5822-R.png,IMG_5822-G.png,IMG_5822-B.png
166,1,./data-zip/1.zip,IMG_6091-R.png,IMG_6091-G.png,IMG_6091-B.png
167,1,./data-zip/1.zip,IMG_6052-R.png,IMG_6052-G.png,IMG_6052-B.png
168,1,./data-zip/1.zip,IMG_5942-R.png,IMG_5942-G.png,IMG_5942-B.png
169,1,./data-zip/1.zip,IMG_5981-R.png,IMG_5981-G.png,IMG_5981-B.png
170,1,./data-zip/1.zip,IMG_5943-R.png,IMG_5943-G.png,IMG_5943-B.png
171,1,./data-zip/1.zip,IMG_6053-R.png,IMG_6053-G.png,IMG_6053-B.png
172,1,./data-zip/1.zip,IMG_5823-R.png,IMG_5823-G.png,IMG_5823-B.png
173,1,./data-zip/1.zip,IMG_5821-R.png,IMG_5821-G.png,IMG_5821-B.png
174,1,./data-zip/1.zip,IMG_6092-R.png,IMG_6092-G.png,IMG_6092-B.png
175,1,./data-zip/1.zip,IMG_6051-R.png,IMG_6051-G.png,IMG_6051-B.png
176,1,./data-zip/1.zip,IMG_5941-R.png,IMG_5941-G.png,IMG_5941-B.png
177,1,./data-zip/1.zip,IMG_5982-R.png,IMG_5982-G.png,IMG_5982-B.png
178,1,./data-zip/1.zip,IMG_5983-R.png,IMG_5983-G.png,IMG_5983-B.png
179,1,./data-zip/1.zip,IMG_6093-R.png,IMG_6093-G.png,IMG_6093-B.png
180,2,./data-zip/1.zip,IMG_6841-R.png,IMG_6841-G.png,IMG_6841-B.png
181,2,./data-zip/1.zip,IMG_6843-R.png,IMG_6843-G.png,IMG_6843-B.png
182,2,./data-zip/1.zip,IMG_6842-R.png,IMG_6842-G.png,IMG_6842-B.png
183,2,./data-zip/1.zip,IMG_6852-R.png,IMG_6852-G.png,IMG_6852-B.png
184,2,./data-zip/1.zip,IMG_6853-R.png,IMG_6853-G.png,IMG_6853-B.png
185,2,./data-zip/1.zip,IMG_6851-R.png,IMG_6851-G.png,IMG_6851-B.png
186,2,./data-zip/1.zip,IMG_6823-R.png,IMG_6823-G.png,IMG_6823-B.png
187,2,./data-zip/1.zip,IMG_6771-R.png,IMG_6771-G.png,IMG_6771-B.png
188,2,./data-zip/1.zip,IMG_6822-R.png,IMG_6822-G.png,IMG_6822-B.png
189,2,./data-zip/1.zip,IMG_6773-R.png,IMG_6773-G.png,IMG_6773-B.png
190,2,./data-zip/1.zip,IMG_6772-R.png,IMG_6772-G.png,IMG_6772-B.png
191,2,./data-zip/1.zip,IMG_6821-R.png,IMG_6821-G.png,IMG_6821-B.png
192,2,./data-zip/1.zip,IMG_6831-R.png,IMG_6831-G.png,IMG_6831-B.png
193,2,./data-zip/1.zip,IMG_6762-R.png,IMG_6762-G.png,IMG_6762-B.png
194,2,./data-zip/1.zip,IMG_6763-R.png,IMG_6763-G.png,IMG_6763-B.png
195,2,./data-zip/1.zip,IMG_6832-R.png,IMG_6832-G.png,IMG_6832-B.png
196,2,./data-zip/1.zip,IMG_6761-R.png,IMG_6761-G.png,IMG_6761-B.png
197,2,./data-zip/1.zip,IMG_6833-R.png,IMG_6833-G.png,IMG_6833-B.png
198,2,./data-zip/1.zip,IMG_6802-R.png,IMG_6802-G.png,IMG_6802-B.png
199,2,./data-zip/1.zip,IMG_6792-R.png,IMG_6792-G.png,IMG_6792-B.png
200,2,./data-zip/1.zip,IMG_6751-R.png,IMG_6751-G.png,IMG_6751-B.png
201,2,./data-zip/1.zip,IMG_6793-R.png,IMG_6793-G.png,IMG_6793-B.png
202,2,./data-zip/2.zip,IMG_6803-R.png,IMG_6803-G.png,IMG_6803-B.png
203,2,./data-zip/2.zip,IMG_6801-R.png,IMG_6801-G.png,IMG_6801-B.png
204,2,./data-zip/2.zip,IMG_6791-R.png,IMG_6791-G.png,IMG_6791-B.png
205,2,./data-zip/2.zip,IMG_6752-R.png,IMG_6752-G.png,IMG_6752-B.png
206,2,./data-zip/2.zip,IMG_6753-R.png,IMG_6753-G.png,IMG_6753-B.png
207,2,./data-zip/2.zip,IMG_6743-R.png,IMG_6743-G.png,IMG_6743-B.png
208,2,./data-zip/2.zip,IMG_6742-R.png,IMG_6742-G.png,IMG_6742-B.png
209,2,./data-zip/2.zip,IMG_6781-R.png,IMG_6781-G.png,IMG_6781-B.png
210,2,./data-zip/2.zip,IMG_6811-R.png,IMG_6811-G.png,IMG_6811-B.png
211,2,./data-zip/2.zip,IMG_6813-R.png,IMG_6813-G.png,IMG_6813-B.png
212,2,./data-zip/2.zip,IMG_6783-R.png,IMG_6783-G.png,IMG_6783-B.png
213,2,./data-zip/2.zip,IMG_6741-R.png,IMG_6741-G.png,IMG_6741-B.png
214,2,./data-zip/2.zip,IMG_6782-R.png,IMG_6782-G.png,IMG_6782-B.png
215,2,./data-zip/2.zip,IMG_6812-R.png,IMG_6812-G.png,IMG_6812-B.png
216,2,./data-zip/2.zip,IMG_6861-R.png,IMG_6861-G.png,IMG_6861-B.png
217,2,./data-zip/2.zip,IMG_6732-R.png,IMG_6732-G.png,IMG_6732-B.png
218,2,./data-zip/2.zip,IMG_6733-R.png,IMG_6733-G.png,IMG_6733-B.png
219,2,./data-zip/2.zip,IMG_6862-R.png,IMG_6862-G.png,IMG_6862-B.png
220,2,./data-zip/2.zip,IMG_6731-R.png,IMG_6731-G.png,IMG_6731-B.png
221,2,./data-zip/2.zip,IMG_6863-R.png,IMG_6863-G.png,IMG_6863-B.png
222,2,./data-zip/2.zip,IMG_6721-R.png,IMG_6721-G.png,IMG_6721-B.png
223,2,./data-zip/2.zip,IMG_6723-R.png,IMG_6723-G.png,IMG_6723-B.png
224,2,./data-zip/2.zip,IMG_6722-R.png,IMG_6722-G.png,IMG_6722-B.png
225,2,./data-zip/2.zip,IMG_6871-R.png,IMG_6871-G.png,IMG_6871-B.png
226,3,./data-zip/2.zip,IMG_5391-R.png,IMG_5391-G.png,IMG_5391-B.png
227,3,./data-zip/2.zip,IMG_5352-R.png,IMG_5352-G.png,IMG_5352-B.png
228,3,./data-zip/2.zip,IMG_5421-R.png,IMG_5421-G.png,IMG_5421-B.png
229,3,./data-zip/2.zip,IMG_5353-R.png,IMG_5353-G.png,IMG_5353-B.png
230,3,./data-zip/2.zip,IMG_5392-R.png,IMG_5392-G.png,IMG_5392-B.png
231,3,./data-zip/2.zip,IMG_5423-R.png,IMG_5423-G.png,IMG_5423-B.png
232,3,./data-zip/2.zip,IMG_5351-R.png,IMG_5351-G.png,IMG_5351-B.png
233,3,./data-zip/2.zip,IMG_5422-R.png,IMG_5422-G.png,IMG_5422-B.png
234,3,./data-zip/2.zip,IMG_5393-R.png,IMG_5393-G.png,IMG_5393-B.png
235,3,./data-zip/2.zip,IMG_5383-R.png,IMG_5383-G.png,IMG_5383-B.png
236,3,./data-zip/2.zip,IMG_5432-R.png,IMG_5432-G.png,IMG_5432-B.png
237,3,./data-zip/2.zip,IMG_5433-R.png,IMG_5433-G.png,IMG_5433-B.png
238,3,./data-zip/2.zip,IMG_5341-R.png,IMG_5341-G.png,IMG_5341-B.png
239,3,./data-zip/2.zip,IMG_5382-R.png,IMG_5382-G.png,IMG_5382-B.png
240,3,./data-zip/2.zip,IMG_5431-R.png,IMG_5431-G.png,IMG_5431-B.png
241,3,./data-zip/2.zip,IMG_5343-R.png,IMG_5343-G.png,IMG_5343-B.png
242,3,./data-zip/2.zip,IMG_5342-R.png,IMG_5342-G.png,IMG_5342-B.png
243,3,./data-zip/2.zip,IMG_5381-R.png,IMG_5381-G.png,IMG_5381-B.png
244,3,./data-zip/2.zip,IMG_5331-R.png,IMG_5331-G.png,IMG_5331-B.png
245,3,./data-zip/2.zip,IMG_5443-R.png,IMG_5443-G.png,IMG_5443-B.png
246,3,./data-zip/2.zip,IMG_5442-R.png,IMG_5442-G.png,IMG_5442-B.png
247,3,./data-zip/2.zip,IMG_5481-R.png,IMG_5481-G.png,IMG_5481-B.png
248,3,./data-zip/2.zip,IMG_5483-R.png,IMG_5483-G.png,IMG_5483-B.png
249,3,./data-zip/2.zip,IMG_5332-R.png,IMG_5332-G.png,IMG_5332-B.png
250,3,./data-zip/2.zip,IMG_5333-R.png,IMG_5333-G.png,IMG_5333-B.png
251,3,./data-zip/2.zip,IMG_5441-R.png,IMG_5441-G.png,IMG_5441-B.png
252,3,./data-zip/2.zip,IMG_5482-R.png,IMG_5482-G.png,IMG_5482-B.png
253,3,./data-zip/2.zip,IMG_5492-R.png,IMG_5492-G.png,IMG_5492-B.png
254,3,./data-zip/2.zip,IMG_5323-R.png,IMG_5323-G.png,IMG_5323-B.png
255,3,./data-zip/2.zip,IMG_5451-R.png,IMG_5451-G.png,IMG_5451-B.png
256,3,./data-zip/2.zip,IMG_5322-R.png,IMG_5322-G.png,IMG_5322-B.png
257,3,./data-zip/2.zip,IMG_5493-R.png,IMG_5493-G.png,IMG_5493-B.png
258,3,./data-zip/2.zip,IMG_5491-R.png,IMG_5491-G.png,IMG_5491-B.png
259,3,./data-zip/2.zip,IMG_5452-R.png,IMG_5452-G.png,IMG_5452-B.png
260,3,./data-zip/2.zip,IMG_5321-R.png,IMG_5321-G.png,IMG_5321-B.png
261,3,./data-zip/2.zip,IMG_5453-R.png,IMG_5453-G.png,IMG_5453-B.png
262,3,./data-zip/2.zip,IMG_5462-R.png,IMG_5462-G.png,IMG_5462-B.png
263,3,./data-zip/2.zip,IMG_5502-R.png,IMG_5502-G.png,IMG_5502-B.png
264,3,./data-zip/2.zip,IMG_5503-R.png,IMG_5503-G.png,IMG_5503-B.png
265,3,./data-zip/2.zip,IMG_5463-R.png,IMG_5463-G.png,IMG_5463-B.png
266,3,./data-zip/2.zip,IMG_5461-R.png,IMG_5461-G.png,IMG_5461-B.png
267,3,./data-zip/2.zip,IMG_5501-R.png,IMG_5501-G.png,IMG_5501-B.png
268,3,./data-zip/2.zip,IMG_5511-R.png,IMG_5511-G.png,IMG_5511-B.png
269,3,./data-zip/2.zip,IMG_5471-R.png,IMG_5471-G.png,IMG_5471-B.png
270,3,./data-zip/2.zip,IMG_5473-R.png,IMG_5473-G.png,IMG_5473-B.png
271,3,./data-zip/2.zip,IMG_5513-R.png,IMG_5513-G.png,IMG_5513-B.png
272,3,./data-zip/2.zip,IMG_5512-R.png,IMG_5512-G.png,IMG_5512-B.png
273,3,./data-zip/2.zip,IMG_5472-R.png,IMG_5472-G.png,IMG_5472-B.png
274,3,./data-zip/2.zip,IMG_5373-R.png,IMG_5373-G.png,IMG_5373-B.png
275,3,./data-zip/2.zip,IMG_5401-R.png,IMG_5401-G.png,IMG_5401-B.png
276,3,./data-zip/2.zip,IMG_5372-R.png,IMG_5372-G.png,IMG_5372-B.png
277,3,./data-zip/2.zip,IMG_5402-R.png,IMG_5402-G.png,IMG_5402-B.png
278,3,./data-zip/2.zip,IMG_5371-R.png,IMG_5371-G.png,IMG_5371-B.png
279,3,./data-zip/2.zip,IMG_5403-R.png,IMG_5403-G.png,IMG_5403-B.png
280,3,./data-zip/2.zip,IMG_5361-R.png,IMG_5361-G.png,IMG_5361-B.png
281,3,./data-zip/2.zip,IMG_5413-R.png,IMG_5413-G.png,IMG_5413-B.png
282,3,./data-zip/2.zip,IMG_5412-R.png,IMG_5412-G.png,IMG_5412-B.png
283,3,./data-zip/2.zip,IMG_5362-R.png,IMG_5362-G.png,IMG_5362-B.png
284,3,./data-zip/2.zip,IMG_5363-R.png,IMG_5363-G.png,IMG_5363-B.png
285,3,./data-zip/2.zip,IMG_5411-R.png,IMG_5411-G.png,IMG_5411-B.png
286,4,./data-zip/2.zip,IMG_6303-R.png,IMG_6303-G.png,IMG_6303-B.png
287,4,./data-zip/2.zip,IMG_6263-R.png,IMG_6263-G.png,IMG_6263-B.png
288,4,./data-zip/2.zip,IMG_6262-R.png,IMG_6262-G.png,IMG_6262-B.png
289,4,./data-zip/2.zip,IMG_6302-R.png,IMG_6302-G.png,IMG_6302-B.png
290,4,./data-zip/2.zip,IMG_6261-R.png,IMG_6261-G.png,IMG_6261-B.png
291,4,./data-zip/2.zip,IMG_6301-R.png,IMG_6301-G.png,IMG_6301-B.png
292,4,./data-zip/2.zip,IMG_6311-R.png,IMG_6311-G.png,IMG_6311-B.png
293,4,./data-zip/2.zip,IMG_6271-R.png,IMG_6271-G.png,IMG_6271-B.png
294,4,./data-zip/2.zip,IMG_6312-R.png,IMG_6312-G.png,IMG_6312-B.png
295,4,./data-zip/2.zip,IMG_6272-R.png,IMG_6272-G.png,IMG_6272-B.png
296,4,./data-zip/2.zip,IMG_6273-R.png,IMG_6273-G.png,IMG_6273-B.png
297,4,./data-zip/2.zip,IMG_6313-R.png,IMG_6313-G.png,IMG_6313-B.png
298,4,./data-zip/2.zip,IMG_6412-R.png,IMG_6412-G.png,IMG_6412-B.png
299,4,./data-zip/2.zip,IMG_6162-R.png,IMG_6162-G.png,IMG_6162-B.png
300,4,./data-zip/2.zip,IMG_6201-R.png,IMG_6201-G.png,IMG_6201-B.png
301,4,./data-zip/2.zip,IMG_6163-R.png,IMG_6163-G.png,IMG_6163-B.png
302,4,./data-zip/2.zip,IMG_6413-R.png,IMG_6413-G.png,IMG_6413-B.png
303,4,./data-zip/3.zip,IMG_6361-R.png,IMG_6361-G.png,IMG_6361-B.png
304,4,./data-zip/3.zip,IMG_6411-R.png,IMG_6411-G.png,IMG_6411-B.png
305,4,./data-zip/3.zip,IMG_6363-R.png,IMG_6363-G.png,IMG_6363-B.png
306,4,./data-zip/3.zip,IMG_6161-R.png,IMG_6161-G.png,IMG_6161-B.png
307,4,./data-zip/3.zip,IMG_6203-R.png,IMG_6203-G.png,IMG_6203-B.png
308,4,./data-zip/3.zip,IMG_6202-R.png,IMG_6202-G.png,IMG_6202-B.png
309,4,./data-zip/3.zip,IMG_6362-R.png,IMG_6362-G.png,IMG_6362-B.png
310,4,./data-zip/3.zip,IMG_6372-R.png,IMG_6372-G.png,IMG_6372-B.png
311,4,./data-zip/3.zip,IMG_6212-R.png,IMG_6212-G.png,IMG_6212-B.png
312,4,./data-zip/3.zip,IMG_6213-R.png,IMG_6213-G.png,IMG_6213-B.png
313,4,./data-zip/3.zip,IMG_6171-R.png,IMG_6171-G.png,IMG_6171-B.png
314,4,./data-zip/3.zip,IMG_6401-R.png,IMG_6401-G.png,IMG_6401-B.png
315,4,./data-zip/3.zip,IMG_6373-R.png,IMG_6373-G.png,IMG_6373-B.png
316,4,./data-zip/3.zip,IMG_6403-R.png,IMG_6403-G.png,IMG_6403-B.png
317,4,./data-zip/3.zip,IMG_6371-R.png,IMG_6371-G.png,IMG_6371-B.png
318,4,./data-zip/3.zip,IMG_6173-R.png,IMG_6173-G.png,IMG_6173-B.png
319,4,./data-zip/3.zip,IMG_6211-R.png,IMG_6211-G.png,IMG_6211-B.png
320,4,./data-zip/3.zip,IMG_6172-R.png,IMG_6172-G.png,IMG_6172-B.png
321,4,./data-zip/3.zip,IMG_6402-R.png,IMG_6402-G.png,IMG_6402-B.png
322,4,./data-zip/3.zip,IMG_6382-R.png,IMG_6382-G.png,IMG_6382-B.png
323,4,./data-zip/3.zip,IMG_6341-R.png,IMG_6341-G.png,IMG_6341-B.png
324,4,./data-zip/3.zip,IMG_6143-R.png,IMG_6143-G.png,IMG_6143-B.png
325,4,./data-zip/3.zip,IMG_6221-R.png,IMG_6221-G.png,IMG_6221-B.png
326,4,./data-zip/3.zip,IMG_6142-R.png,IMG_6142-G.png,IMG_6142-B.png
327,4,./data-zip/3.zip,IMG_6181-R.png,IMG_6181-G.png,IMG_6181-B.png
328,4,./data-zip/3.zip,IMG_6383-R.png,IMG_6383-G.png,IMG_6383-B.png
329,4,./data-zip/3.zip,IMG_6381-R.png,IMG_6381-G.png,IMG_6381-B.png
330,4,./data-zip/3.zip,IMG_6342-R.png,IMG_6342-G.png,IMG_6342-B.png
331,4,./data-zip/3.zip,IMG_6183-R.png,IMG_6183-G.png,IMG_6183-B.png
332,4,./data-zip/3.zip,IMG_6222-R.png,IMG_6222-G.png,IMG_6222-B.png
333,4,./data-zip/3.zip,IMG_6223-R.png,IMG_6223-G.png,IMG_6223-B.png
334,4,./data-zip/3.zip,IMG_6141-R.png,IMG_6141-G.png,IMG_6141-B.png
335,4,./data-zip/3.zip,IMG_6182-R.png,IMG_6182-G.png,IMG_6182-B.png
336,4,./data-zip/3.zip,IMG_6343-R.png,IMG_6343-G.png,IMG_6343-B.png
337,4,./data-zip/3.zip,IMG_6353-R.png,IMG_6353-G.png,IMG_6353-B.png
338,4,./data-zip/3.zip,IMG_6421-R.png,IMG_6421-G.png,IMG_6421-B.png
339,4,./data-zip/3.zip,IMG_6192-R.png,IMG_6192-G.png,IMG_6192-B.png
340,4,./data-zip/3.zip,IMG_6151-R.png,IMG_6151-G.png,IMG_6151-B.png
341,4,./data-zip/3.zip,IMG_6233-R.png,IMG_6233-G.png,IMG_6233-B.png
342,4,./data-zip/3.zip,IMG_6232-R.png,IMG_6232-G.png,IMG_6232-B.png
343,4,./data-zip/3.zip,IMG_6193-R.png,IMG_6193-G.png,IMG_6193-B.png
344,4,./data-zip/3.zip,IMG_6352-R.png,IMG_6352-G.png,IMG_6352-B.png
345,4,./data-zip/3.zip,IMG_6391-R.png,IMG_6391-G.png,IMG_6391-B.png
346,4,./data-zip/3.zip,IMG_6393-R.png,IMG_6393-G.png,IMG_6393-B.png
347,4,./data-zip/3.zip,IMG_6422-R.png,IMG_6422-G.png,IMG_6422-B.png
348,4,./data-zip/3.zip,IMG_6191-R.png,IMG_6191-G.png,IMG_6191-B.png
349,4,./data-zip/3.zip,IMG_6152-R.png,IMG_6152-G.png,IMG_6152-B.png
350,4,./data-zip/3.zip,IMG_6231-R.png,IMG_6231-G.png,IMG_6231-B.png
351,4,./data-zip/3.zip,IMG_6153-R.png,IMG_6153-G.png,IMG_6153-B.png
352,4,./data-zip/3.zip,IMG_6351-R.png,IMG_6351-G.png,IMG_6351-B.png
353,4,./data-zip/3.zip,IMG_6423-R.png,IMG_6423-G.png,IMG_6423-B.png
354,4,./data-zip/3.zip,IMG_6392-R.png,IMG_6392-G.png,IMG_6392-B.png
355,4,./data-zip/3.zip,IMG_6322-R.png,IMG_6322-G.png,IMG_6322-B.png
356,4,./data-zip/3.zip,IMG_6281-R.png,IMG_6281-G.png,IMG_6281-B.png
357,4,./data-zip/3.zip,IMG_6242-R.png,IMG_6242-G.png,IMG_6242-B.png
358,4,./data-zip/3.zip,IMG_6243-R.png,IMG_6243-G.png,IMG_6243-B.png
359,4,./data-zip/3.zip,IMG_6121-R.png,IMG_6121-G.png,IMG_6121-B.png
360,4,./data-zip/3.zip,IMG_6323-R.png,IMG_6323-G.png,IMG_6323-B.png
361,4,./data-zip/3.zip,IMG_6321-R.png,IMG_6321-G.png,IMG_6321-B.png
362,4,./data-zip/3.zip,IMG_6123-R.png,IMG_6123-G.png,IMG_6123-B.png
363,4,./data-zip/3.zip,IMG_6282-R.png,IMG_6282-G.png,IMG_6282-B.png
364,4,./data-zip/3.zip,IMG_6241-R.png,IMG_6241-G.png,IMG_6241-B.png
365,4,./data-zip/3.zip,IMG_6283-R.png,IMG_6283-G.png,IMG_6283-B.png
366,4,./data-zip/3.zip,IMG_6122-R.png,IMG_6122-G.png,IMG_6122-B.png
367,4,./data-zip/3.zip,IMG_6132-R.png,IMG_6132-G.png,IMG_6132-B.png
368,4,./data-zip/3.zip,IMG_6293-R.png,IMG_6293-G.png,IMG_6293-B.png
369,4,./data-zip/3.zip,IMG_6251-R.png,IMG_6251-G.png,IMG_6251-B.png
370,4,./data-zip/3.zip,IMG_6292-R.png,IMG_6292-G.png,IMG_6292-B.png
371,4,./data-zip/3.zip,IMG_6133-R.png,IMG_6133-G.png,IMG_6133-B.png
372,4,./data-zip/3.zip,IMG_6331-R.png,IMG_6331-G.png,IMG_6331-B.png
373,4,./data-zip/3.zip,IMG_6333-R.png,IMG_6333-G.png,IMG_6333-B.png
374,4,./data-zip/3.zip,IMG_6131-R.png,IMG_6131-G.png,IMG_6131-B.png
375,4,./data-zip/3.zip,IMG_6253-R.png,IMG_6253-G.png,IMG_6253-B.png
376,4,./data-zip/3.zip,IMG_6252-R.png,IMG_6252-G.png,IMG_6252-B.png
377,4,./data-zip/3.zip,IMG_6291-R.png,IMG_6291-G.png,IMG_6291-B.png
378,4,./data-zip/3.zip,IMG_6332-R.png,IMG_6332-G.png,IMG_6332-B.png
379,5,./data-zip/3.zip,IMG_7223-R.png,IMG_7223-G.png,IMG_7223-B.png
380,5,./data-zip/3.zip,IMG_7182-R.png,IMG_7182-G.png,IMG_7182-B.png
381,5,./data-zip/3.zip,IMG_7141-R.png,IMG_7141-G.png,IMG_7141-B.png
382,5,./data-zip/3.zip,IMG_7183-R.png,IMG_7183-G.png,IMG_7183-B.png
383,5,./data-zip/3.zip,IMG_7222-R.png,IMG_7222-G.png,IMG_7222-B.png
384,5,./data-zip/3.zip,IMG_7181-R.png,IMG_7181-G.png,IMG_7181-B.png
385,5,./data-zip/3.zip,IMG_7142-R.png,IMG_7142-G.png,IMG_7142-B.png
386,5,./data-zip/3.zip,IMG_7143-R.png,IMG_7143-G.png,IMG_7143-B.png
387,5,./data-zip/3.zip,IMG_7221-R.png,IMG_7221-G.png,IMG_7221-B.png
388,5,./data-zip/3.zip,IMG_7231-R.png,IMG_7231-G.png,IMG_7231-B.png
389,5,./data-zip/3.zip,IMG_7153-R.png,IMG_7153-G.png,IMG_7153-B.png
390,5,./data-zip/3.zip,IMG_7152-R.png,IMG_7152-G.png,IMG_7152-B.png
391,5,./data-zip/3.zip,IMG_7191-R.png,IMG_7191-G.png,IMG_7191-B.png
392,5,./data-zip/3.zip,IMG_7232-R.png,IMG_7232-G.png,IMG_7232-B.png
393,5,./data-zip/3.zip,IMG_7193-R.png,IMG_7193-G.png,IMG_7193-B.png
394,5,./data-zip/3.zip,IMG_7151-R.png,IMG_7151-G.png,IMG_7151-B.png
395,5,./data-zip/3.zip,IMG_7192-R.png,IMG_7192-G.png,IMG_7192-B.png
396,5,./data-zip/3.zip,IMG_7233-R.png,IMG_7233-G.png,IMG_7233-B.png
397,5,./data-zip/3.zip,IMG_7081-R.png,IMG_7081-G.png,IMG_7081-B.png
398,5,./data-zip/3.zip,IMG_7042-R.png,IMG_7042-G.png,IMG_7042-B.png
399,5,./data-zip/3.zip,IMG_7283-R.png,IMG_7283-G.png,IMG_7283-B.png
400,5,./data-zip/3.zip,IMG_7122-R.png,IMG_7122-G.png,IMG_7122-B.png
401,5,./data-zip/3.zip,IMG_7123-R.png,IMG_7123-G.png,IMG_7123-B.png
402,5,./data-zip/3.zip,IMG_7321-R.png,IMG_7321-G.png,IMG_7321-B.png
403,5,./data-zip/3.zip,IMG_7241-R.png,IMG_7241-G.png,IMG_7241-B.png
404,5,./data-zip/4.zip,IMG_7282-R.png,IMG_7282-G.png,IMG_7282-B.png
405,5,./data-zip/4.zip,IMG_7043-R.png,IMG_7043-G.png,IMG_7043-B.png
406,5,./data-zip/4.zip,IMG_7082-R.png,IMG_7082-G.png,IMG_7082-B.png
407,5,./data-zip/4.zip,IMG_7041-R.png,IMG_7041-G.png,IMG_7041-B.png
408,5,./data-zip/4.zip,IMG_7243-R.png,IMG_7243-G.png,IMG_7243-B.png
409,5,./data-zip/4.zip,IMG_7323-R.png,IMG_7323-G.png,IMG_7323-B.png
410,5,./data-zip/4.zip,IMG_7121-R.png,IMG_7121-G.png,IMG_7121-B.png
411,5,./data-zip/4.zip,IMG_7322-R.png,IMG_7322-G.png,IMG_7322-B.png
412,5,./data-zip/4.zip,IMG_7242-R.png,IMG_7242-G.png,IMG_7242-B.png
413,5,./data-zip/4.zip,IMG_7281-R.png,IMG_7281-G.png,IMG_7281-B.png
414,5,./data-zip/4.zip,IMG_7083-R.png,IMG_7083-G.png,IMG_7083-B.png
415,5,./data-zip/4.zip,IMG_7093-R.png,IMG_7093-G.png,IMG_7093-B.png
416,5,./data-zip/4.zip,IMG_7291-R.png,IMG_7291-G.png,IMG_7291-B.png
417,5,./data-zip/4.zip,IMG_7252-R.png,IMG_7252-G.png,IMG_7252-B.png
418,5,./data-zip/4.zip,IMG_7332-R.png,IMG_7332-G.png,IMG_7332-B.png
419,5,./data-zip/4.zip,IMG_7131-R.png,IMG_7131-G.png,IMG_7131-B.png
420,5,./data-zip/4.zip,IMG_7253-R.png,IMG_7253-G.png,IMG_7253-B.png
421,5,./data-zip/4.zip,IMG_7051-R.png,IMG_7051-G.png,IMG_7051-B.png
422,5,./data-zip/4.zip,IMG_7092-R.png,IMG_7092-G.png,IMG_7092-B.png
423,5,./data-zip/4.zip,IMG_7053-R.png,IMG_7053-G.png,IMG_7053-B.png
424,5,./data-zip/4.zip,IMG_7292-R.png,IMG_7292-G.png,IMG_7292-B.png
425,5,./data-zip/4.zip,IMG_7251-R.png,IMG_7251-G.png,IMG_7251-B.png
426,5,./data-zip/4.zip,IMG_7331-R.png,IMG_7331-G.png,IMG_7331-B.png
427,5,./data-zip/4.zip,IMG_7133-R.png,IMG_7133-G.png,IMG_7133-B.png
428,5,./data-zip/4.zip,IMG_7132-R.png,IMG_7132-G.png,IMG_7132-B.png
429,5,./data-zip/4.zip,IMG_7293-R.png,IMG_7293-G.png,IMG_7293-B.png
430,5,./data-zip/4.zip,IMG_7052-R.png,IMG_7052-G.png,IMG_7052-B.png
431,5,./data-zip/4.zip,IMG_7091-R.png,IMG_7091-G.png,IMG_7091-B.png
432,5,./data-zip/4.zip,IMG_7063-R.png,IMG_7063-G.png,IMG_7063-B.png
433,5,./data-zip/4.zip,IMG_7261-R.png,IMG_7261-G.png,IMG_7261-B.png
434,5,./data-zip/4.zip,IMG_7301-R.png,IMG_7301-G.png,IMG_7301-B.png
435,5,./data-zip/4.zip,IMG_7103-R.png,IMG_7103-G.png,IMG_7103-B.png
436,5,./data-zip/4.zip,IMG_7102-R.png,IMG_7102-G.png,IMG_7102-B.png
437,5,./data-zip/4.zip,IMG_7062-R.png,IMG_7062-G.png,IMG_7062-B.png
438,5,./data-zip/4.zip,IMG_7262-R.png,IMG_7262-G.png,IMG_7262-B.png
439,5,./data-zip/4.zip,IMG_7302-R.png,IMG_7302-G.png,IMG_7302-B.png
440,5,./data-zip/4.zip,IMG_7101-R.png,IMG_7101-G.png,IMG_7101-B.png
441,5,./data-zip/4.zip,IMG_7303-R.png,IMG_7303-G.png,IMG_7303-B.png
442,5,./data-zip/4.zip,IMG_7263-R.png,IMG_7263-G.png,IMG_7263-B.png
443,5,./data-zip/4.zip,IMG_7061-R.png,IMG_7061-G.png,IMG_7061-B.png
444,5,./data-zip/4.zip,IMG_7071-R.png,IMG_7071-G.png,IMG_7071-B.png
445,5,./data-zip/4.zip,IMG_7273-R.png,IMG_7273-G.png,IMG_7273-B.png
446,5,./data-zip/4.zip,IMG_7313-R.png,IMG_7313-G.png,IMG_7313-B.png
447,5,./data-zip/4.zip,IMG_7111-R.png,IMG_7111-G.png,IMG_7111-B.png
448,5,./data-zip/4.zip,IMG_7312-R.png,IMG_7312-G.png,IMG_7312-B.png
449,5,./data-zip/4.zip,IMG_7272-R.png,IMG_7272-G.png,IMG_7272-B.png
450,5,./data-zip/4.zip,IMG_7072-R.png,IMG_7072-G.png,IMG_7072-B.png
451,5,./data-zip/4.zip,IMG_7112-R.png,IMG_7112-G.png,IMG_7112-B.png
452,5,./data-zip/4.zip,IMG_7113-R.png,IMG_7113-G.png,IMG_7113-B.png
453,5,./data-zip/4.zip,IMG_7311-R.png,IMG_7311-G.png,IMG_7311-B.png
454,5,./data-zip/4.zip,IMG_7271-R.png,IMG_7271-G.png,IMG_7271-B.png
455,5,./data-zip/4.zip,IMG_7073-R.png,IMG_7073-G.png,IMG_7073-B.png
456,5,./data-zip/4.zip,IMG_7202-R.png,IMG_7202-G.png,IMG_7202-B.png
457,5,./data-zip/4.zip,IMG_7161-R.png,IMG_7161-G.png,IMG_7161-B.png
458,5,./data-zip/4.zip,IMG_7203-R.png,IMG_7203-G.png,IMG_7203-B.png
459,5,./data-zip/4.zip,IMG_7201-R.png,IMG_7201-G.png,IMG_7201-B.png
460,5,./data-zip/4.zip,IMG_7163-R.png,IMG_7163-G.png,IMG_7163-B.png
461,5,./data-zip/4.zip,IMG_7162-R.png,IMG_7162-G.png,IMG_7162-B.png
462,5,./data-zip/4.zip,IMG_7172-R.png,IMG_7172-G.png,IMG_7172-B.png
463,5,./data-zip/4.zip,IMG_7173-R.png,IMG_7173-G.png,IMG_7173-B.png
464,5,./data-zip/4.zip,IMG_7211-R.png,IMG_7211-G.png,IMG_7211-B.png
465,5,./data-zip/4.zip,IMG_7213-R.png,IMG_7213-G.png,IMG_7213-B.png
466,5,./data-zip/4.zip,IMG_7171-R.png,IMG_7171-G.png,IMG_7171-B.png
467,5,./data-zip/4.zip,IMG_7212-R.png,IMG_7212-G.png,IMG_7212-B.png
468,6,./data-zip/4.zip,IMG_7021-R.png,IMG_7021-G.png,IMG_7021-B.png
469,6,./data-zip/4.zip,IMG_6883-R.png,IMG_6883-G.png,IMG_6883-B.png
470,6,./data-zip/4.zip,IMG_6921-R.png,IMG_6921-G.png,IMG_6921-B.png
471,6,./data-zip/4.zip,IMG_6882-R.png,IMG_6882-G.png,IMG_6882-B.png
472,6,./data-zip/4.zip,IMG_7022-R.png,IMG_7022-G.png,IMG_7022-B.png
473,6,./data-zip/4.zip,IMG_6923-R.png,IMG_6923-G.png,IMG_6923-B.png
474,6,./data-zip/4.zip,IMG_6922-R.png,IMG_6922-G.png,IMG_6922-B.png
475,6,./data-zip/4.zip,IMG_6881-R.png,IMG_6881-G.png,IMG_6881-B.png
476,6,./data-zip/4.zip,IMG_7023-R.png,IMG_7023-G.png,IMG_7023-B.png
477,6,./data-zip/4.zip,IMG_7033-R.png,IMG_7033-G.png,IMG_7033-B.png
478,6,./data-zip/4.zip,IMG_6891-R.png,IMG_6891-G.png,IMG_6891-B.png
479,6,./data-zip/4.zip,IMG_6932-R.png,IMG_6932-G.png,IMG_6932-B.png
480,6,./data-zip/4.zip,IMG_6933-R.png,IMG_6933-G.png,IMG_6933-B.png
481,6,./data-zip/4.zip,IMG_7032-R.png,IMG_7032-G.png,IMG_7032-B.png
482,6,./data-zip/4.zip,IMG_6892-R.png,IMG_6892-G.png,IMG_6892-B.png
483,6,./data-zip/4.zip,IMG_6931-R.png,IMG_6931-G.png,IMG_6931-B.png
484,6,./data-zip/4.zip,IMG_6893-R.png,IMG_6893-G.png,IMG_6893-B.png
485,6,./data-zip/4.zip,IMG_7031-R.png,IMG_7031-G.png,IMG_7031-B.png
486,6,./data-zip/4.zip,IMG_6943-R.png,IMG_6943-G.png,IMG_6943-B.png
487,6,./data-zip/4.zip,IMG_6981-R.png,IMG_6981-G.png,IMG_6981-B.png
488,6,./data-zip/4.zip,IMG_6942-R.png,IMG_6942-G.png,IMG_6942-B.png
489,6,./data-zip/4.zip,IMG_6983-R.png,IMG_6983-G.png,IMG_6983-B.png
490,6,./data-zip/4.zip,IMG_6982-R.png,IMG_6982-G.png,IMG_6982-B.png
491,6,./data-zip/4.zip,IMG_6941-R.png,IMG_6941-G.png,IMG_6941-B.png
492,6,./data-zip/4.zip,IMG_6951-R.png,IMG_6951-G.png,IMG_6951-B.png
493,6,./data-zip/4.zip,IMG_6992-R.png,IMG_6992-G.png,IMG_6992-B.png
494,6,./data-zip/4.zip,IMG_6993-R.png,IMG_6993-G.png,IMG_6993-B.png
495,6,./data-zip/4.zip,IMG_6952-R.png,IMG_6952-G.png,IMG_6952-B.png
496,6,./data-zip/4.zip,IMG_6991-R.png,IMG_6991-G.png,IMG_6991-B.png
497,6,./data-zip/4.zip,IMG_6953-R.png,IMG_6953-G.png,IMG_6953-B.png
498,6,./data-zip/4.zip,IMG_6962-R.png,IMG_6962-G.png,IMG_6962-B.png
499,6,./data-zip/4.zip,IMG_6963-R.png,IMG_6963-G.png,IMG_6963-B.png
500,6,./data-zip/4.zip,IMG_6961-R.png,IMG_6961-G.png,IMG_6961-B.png
501,6,./data-zip/4.zip,IMG_6971-R.png,IMG_6971-G.png,IMG_6971-B.png
502,6,./data-zip/4.zip,IMG_6973-R.png,IMG_6973-G.png,IMG_6973-B.png
503,6,./data-zip/4.zip,IMG_6972-R.png,IMG_6972-G.png,IMG_6972-B.png
504,6,./data-zip/4.zip,IMG_6901-R.png,IMG_6901-G.png,IMG_6901-B.png
505,6,./data-zip/5.zip,IMG_7001-R.png,IMG_7001-G.png,IMG_7001-B.png
506,6,./data-zip/5.zip,IMG_7003-R.png,IMG_7003-G.png,IMG_7003-B.png
507,6,./data-zip/5.zip,IMG_6902-R.png,IMG_6902-G.png,IMG_6902-B.png
508,6,./data-zip/5.zip,IMG_6903-R.png,IMG_6903-G.png,IMG_6903-B.png
509,6,./data-zip/5.zip,IMG_7002-R.png,IMG_7002-G.png,IMG_7002-B.png
510,6,./data-zip/5.zip,IMG_7012-R.png,IMG_7012-G.png,IMG_7012-B.png
511,6,./data-zip/5.zip,IMG_6873-R.png,IMG_6873-G.png,IMG_6873-B.png
512,6,./data-zip/5.zip,IMG_6913-R.png,IMG_6913-G.png,IMG_6913-B.png
513,6,./data-zip/5.zip,IMG_6912-R.png,IMG_6912-G.png,IMG_6912-B.png
514,6,./data-zip/5.zip,IMG_6872-R.png,IMG_6872-G.png,IMG_6872-B.png
515,6,./data-zip/5.zip,IMG_7013-R.png,IMG_7013-G.png,IMG_7013-B.png
516,6,./data-zip/5.zip,IMG_7011-R.png,IMG_7011-G.png,IMG_7011-B.png
517,6,./data-zip/5.zip,IMG_6911-R.png,IMG_6911-G.png,IMG_6911-B.png
518,7,./data-zip/5.zip,IMG_6471-R.png,IMG_6471-G.png,IMG_6471-B.png
519,7,./data-zip/5.zip,IMG_6673-R.png,IMG_6673-G.png,IMG_6673-B.png
520,7,./data-zip/5.zip,IMG_6713-R.png,IMG_6713-G.png,IMG_6713-B.png
521,7,./data-zip/5.zip,IMG_6511-R.png,IMG_6511-G.png,IMG_6511-B.png
522,7,./data-zip/5.zip,IMG_6712-R.png,IMG_6712-G.png,IMG_6712-B.png
523,7,./data-zip/5.zip,IMG_6672-R.png,IMG_6672-G.png,IMG_6672-B.png
524,7,./data-zip/5.zip,IMG_6472-R.png,IMG_6472-G.png,IMG_6472-B.png
525,7,./data-zip/5.zip,IMG_6512-R.png,IMG_6512-G.png,IMG_6512-B.png
526,7,./data-zip/5.zip,IMG_6513-R.png,IMG_6513-G.png,IMG_6513-B.png
527,7,./data-zip/5.zip,IMG_6711-R.png,IMG_6711-G.png,IMG_6711-B.png
528,7,./data-zip/5.zip,IMG_6671-R.png,IMG_6671-G.png,IMG_6671-B.png
529,7,./data-zip/5.zip,IMG_6473-R.png,IMG_6473-G.png,IMG_6473-B.png
530,7,./data-zip/5.zip,IMG_6463-R.png,IMG_6463-G.png,IMG_6463-B.png
531,7,./data-zip/5.zip,IMG_6661-R.png,IMG_6661-G.png,IMG_6661-B.png
532,7,./data-zip/5.zip,IMG_6701-R.png,IMG_6701-G.png,IMG_6701-B.png
533,7,./data-zip/5.zip,IMG_6503-R.png,IMG_6503-G.png,IMG_6503-B.png
534,7,./data-zip/5.zip,IMG_6502-R.png,IMG_6502-G.png,IMG_6502-B.png
535,7,./data-zip/5.zip,IMG_6462-R.png,IMG_6462-G.png,IMG_6462-B.png
536,7,./data-zip/5.zip,IMG_6662-R.png,IMG_6662-G.png,IMG_6662-B.png
537,7,./data-zip/5.zip,IMG_6702-R.png,IMG_6702-G.png,IMG_6702-B.png
538,7,./data-zip/5.zip,IMG_6501-R.png,IMG_6501-G.png,IMG_6501-B.png
539,7,./data-zip/5.zip,IMG_6703-R.png,IMG_6703-G.png,IMG_6703-B.png
540,7,./data-zip/5.zip,IMG_6663-R.png,IMG_6663-G.png,IMG_6663-B.png
541,7,./data-zip/5.zip,IMG_6461-R.png,IMG_6461-G.png,IMG_6461-B.png
542,7,./data-zip/5.zip,IMG_6572-R.png,IMG_6572-G.png,IMG_6572-B.png
543,7,./data-zip/5.zip,IMG_6573-R.png,IMG_6573-G.png,IMG_6573-B.png
544,7,./data-zip/5.zip,IMG_6611-R.png,IMG_6611-G.png,IMG_6611-B.png
545,7,./data-zip/5.zip,IMG_6613-R.png,IMG_6613-G.png,IMG_6613-B.png
546,7,./data-zip/5.zip,IMG_6571-R.png,IMG_6571-G.png,IMG_6571-B.png
547,7,./data-zip/5.zip,IMG_6612-R.png,IMG_6612-G.png,IMG_6612-B.png
548,7,./data-zip/5.zip,IMG_6602-R.png,IMG_6602-G.png,IMG_6602-B.png
549,7,./data-zip/5.zip,IMG_6561-R.png,IMG_6561-G.png,IMG_6561-B.png
550,7,./data-zip/5.zip,IMG_6603-R.png,IMG_6603-G.png,IMG_6603-B.png
551,7,./data-zip/5.zip,IMG_6601-R.png,IMG_6601-G.png,IMG_6601-B.png
552,7,./data-zip/5.zip,IMG_6563-R.png,IMG_6563-G.png,IMG_6563-B.png
553,7,./data-zip/5.zip,IMG_6562-R.png,IMG_6562-G.png,IMG_6562-B.png
554,7,./data-zip/5.zip,IMG_6433-R.png,IMG_6433-G.png,IMG_6433-B.png
555,7,./data-zip/5.zip,IMG_6631-R.png,IMG_6631-G.png,IMG_6631-B.png
556,7,./data-zip/5.zip,IMG_6553-R.png,IMG_6553-G.png,IMG_6553-B.png
557,7,./data-zip/5.zip,IMG_6552-R.png,IMG_6552-G.png,IMG_6552-B.png
558,7,./data-zip/5.zip,IMG_6591-R.png,IMG_6591-G.png,IMG_6591-B.png
559,7,./data-zip/5.zip,IMG_6432-R.png,IMG_6432-G.png,IMG_6432-B.png
560,7,./data-zip/5.zip,IMG_6632-R.png,IMG_6632-G.png,IMG_6632-B.png
561,7,./data-zip/5.zip,IMG_6593-R.png,IMG_6593-G.png,IMG_6593-B.png
562,7,./data-zip/5.zip,IMG_6551-R.png,IMG_6551-G.png,IMG_6551-B.png
563,7,./data-zip/5.zip,IMG_6592-R.png,IMG_6592-G.png,IMG_6592-B.png
564,7,./data-zip/5.zip,IMG_6633-R.png,IMG_6633-G.png,IMG_6633-B.png
565,7,./data-zip/5.zip,IMG_6431-R.png,IMG_6431-G.png,IMG_6431-B.png
566,7,./data-zip/5.zip,IMG_6623-R.png,IMG_6623-G.png,IMG_6623-B.png
567,7,./data-zip/5.zip,IMG_6582-R.png,IMG_6582-G.png,IMG_6582-B.png
568,7,./data-zip/5.zip,IMG_6541-R.png,IMG_6541-G.png,IMG_6541-B.png
569,7,./data-zip/5.zip,IMG_6583-R.png,IMG_6583-G.png,IMG_6583-B.png
570,7,./data-zip/5.zip,IMG_6622-R.png,IMG_6622-G.png,IMG_6622-B.png
571,7,./data-zip/5.zip,IMG_6581-R.png,IMG_6581-G.png,IMG_6581-B.png
572,7,./data-zip/5.zip,IMG_6542-R.png,IMG_6542-G.png,IMG_6542-B.png
573,7,./data-zip/5.zip,IMG_6543-R.png,IMG_6543-G.png,IMG_6543-B.png
574,7,./data-zip/5.zip,IMG_6621-R.png,IMG_6621-G.png,IMG_6621-B.png
575,7,./data-zip/5.zip,IMG_6493-R.png,IMG_6493-G.png,IMG_6493-B.png
576,7,./data-zip/5.zip,IMG_6691-R.png,IMG_6691-G.png,IMG_6691-B.png
577,7,./data-zip/5.zip,IMG_6652-R.png,IMG_6652-G.png,IMG_6652-B.png
578,7,./data-zip/5.zip,IMG_6531-R.png,IMG_6531-G.png,IMG_6531-B.png
579,7,./data-zip/5.zip,IMG_6653-R.png,IMG_6653-G.png,IMG_6653-B.png
580,7,./data-zip/5.zip,IMG_6451-R.png,IMG_6451-G.png,IMG_6451-B.png
581,7,./data-zip/5.zip,IMG_6492-R.png,IMG_6492-G.png,IMG_6492-B.png
582,7,./data-zip/5.zip,IMG_6453-R.png,IMG_6453-G.png,IMG_6453-B.png
583,7,./data-zip/5.zip,IMG_6692-R.png,IMG_6692-G.png,IMG_6692-B.png
584,7,./data-zip/5.zip,IMG_6651-R.png,IMG_6651-G.png,IMG_6651-B.png
585,7,./data-zip/5.zip,IMG_6533-R.png,IMG_6533-G.png,IMG_6533-B.png
586,7,./data-zip/5.zip,IMG_6532-R.png,IMG_6532-G.png,IMG_6532-B.png
587,7,./data-zip/5.zip,IMG_6693-R.png,IMG_6693-G.png,IMG_6693-B.png
588,7,./data-zip/5.zip,IMG_6452-R.png,IMG_6452-G.png,IMG_6452-B.png
589,7,./data-zip/5.zip,IMG_6491-R.png,IMG_6491-G.png,IMG_6491-B.png
590,7,./data-zip/5.zip,IMG_6481-R.png,IMG_6481-G.png,IMG_6481-B.png
591,7,./data-zip/5.zip,IMG_6442-R.png,IMG_6442-G.png,IMG_6442-B.png
592,7,./data-zip/5.zip,IMG_6683-R.png,IMG_6683-G.png,IMG_6683-B.png
593,7,./data-zip/5.zip,IMG_6522-R.png,IMG_6522-G.png,IMG_6522-B.png
594,7,./data-zip/5.zip,IMG_6523-R.png,IMG_6523-G.png,IMG_6523-B.png
595,7,./data-zip/5.zip,IMG_6641-R.png,IMG_6641-G.png,IMG_6641-B.png
596,7,./data-zip/5.zip,IMG_6682-R.png,IMG_6682-G.png,IMG_6682-B.png
597,7,./data-zip/5.zip,IMG_6443-R.png,IMG_6443-G.png,IMG_6443-B.png
598,7,./data-zip/5.zip,IMG_6482-R.png,IMG_6482-G.png,IMG_6482-B.png
599,7,./data-zip/5.zip,IMG_6441-R.png,IMG_6441-G.png,IMG_6441-B.png
600,7,./data-zip/5.zip,IMG_6643-R.png,IMG_6643-G.png,IMG_6643-B.png
601,7,./data-zip/5.zip,IMG_6521-R.png,IMG_6521-G.png,IMG_6521-B.png
602,7,./data-zip/5.zip,IMG_6642-R.png,IMG_6642-G.png,IMG_6642-B.png
603,7,./data-zip/5.zip,IMG_6681-R.png,IMG_6681-G.png,IMG_6681-B.png
604,7,./data-zip/5.zip,IMG_6483-R.png,IMG_6483-G.png,IMG_6483-B.png
